Zxsv1G3n@outlook.com,D7mGhwW7dq2U
H4jUnNdB@hotmail.com,V9NtEORcjjtV
TJWmYAXD@hotmail.com,UaOpGWL9HIGW
iyJiIvNm@hotmail.com,e0WylORpFuza
GbVBBJ9P@aol.com,0UFxyiVTUYns
d3ZekW3Z@hotmail.com,nnPt7IILG4AK
izwS6rFM@aol.com,5ZsmwF3z1I4t
BHsiUSjY@gmail.com,WUJ20UfI0vzl
RiwO5oLW@outlook.com,85ePbMo4GLid
sxM2D2UN@hotmail.com,zJQpThzHCG16
ztYnU9Px@yahoo.com,QW3Wbv49jtoY
iOYNGzxL@yahoo.com,jV2nr2m1D7Rs
5XAxU9VM@hotmail.com,2q6WAtEnaWzL
t49X4mY6@aol.com,zlqJZfBjnm2Y
uY1PE1YA@outlook.com,Wjwy2SBFFvFq
7tG2Dni3@yahoo.com,QpdjRmfdiQsZ
341MyEFp@aol.com,tHN3yNguoQpm
eAJpfWZE@hotmail.com,50nu2a1trmZ1
VeuRs5Mt@hotmail.com,h8QLMdgsEwYZ
ud5w9tfT@gmail.com,35We1tTrPUTq
VRa5ixpX@hotmail.com,w8Us02GGSREK
c0nmnVAD@gmail.com,X15rm0dtsTjn
t3DSUMZp@hotmail.com,x3xsZJlsVRuG
zALt2oxN@outlook.com,6PIdIk87RtF0
WiYePzyO@gmail.com,1X22o6mjEqUD
FIO7a8ty@yahoo.com,LAsk7RXCIXYc
6YiYoBwA@yahoo.com,r6LUYMo1v3Fm
25FDO0Jr@hotmail.com,NsZxDzUl91HP
EKzkSjpH@hotmail.com,jZJVbARaTG3c
6WyMYzNU@aol.com,JNaVjotXhZSW
pmViWSmo@outlook.com,lJNSqlXvzzkG
IoK9oJLQ@yahoo.com,WW10DUxk1sWX
oUIiyOHW@yahoo.com,bp3YBWz2jzul
IrOjNwxc@hotmail.com,iKkPMDfiY7qI
nIMQbmeo@outlook.com,jDEXVwiR6Al1
GRZGqG9v@aol.com,mBPvtS8xuNXi
IkccakzQ@gmail.com,xeEEFFZ42w8W
o6z4MmgH@outlook.com,wFfKCvO6On5a
bUdZUmCz@yahoo.com,2qM5IlrVT2Tz
yZ4FiP7K@aol.com,g3Bqy6WrH5tB
E1Su7cvx@aol.com,LleVqljXr3bY
hCmcCiTM@outlook.com,a8x5nyIFZVpO
cF0B8Tm4@hotmail.com,pVObFoMJoW0h
Os39N1dt@yahoo.com,qPc124nQ9Nvv
Yndsi6tt@gmail.com,lbJcoAbuIkwK
aPsWSqVx@aol.com,N0Jbl52WorA7
NG0itAY9@outlook.com,q97mi0KP4YFu
8YTew3gL@gmail.com,RUHw0T99o2WV
diQTxzGA@outlook.com,pGfj5ymQW8Qo
rHqMQr7I@yahoo.com,Gb7Mekph8N10
qezuDvQ4@outlook.com,pgmfH9DAPW3F
MeO2c9VC@aol.com,JlOwpmXPpIEV
dDxkjNVE@aol.com,truypq6IeEsP
YAl7wDg1@hotmail.com,XQxNKnNGho1q
MjDfsNDV@yahoo.com,V0oMxThqDIxP
ohP3hWfJ@outlook.com,kUmJsYPXCBWS
JOf6zTk0@gmail.com,3BplWm2BoqTS
9MEgHV8r@outlook.com,Q94h3XjWya1X
A6gFS3r8@hotmail.com,fCIdIHYhXtiY
25z9V9vF@aol.com,MNgmUpL7mZiR
92sHPnnt@gmail.com,WNIuCajfty2h
PiO4XdGH@gmail.com,rPF2se0AY6r0
fC3Ym3o4@outlook.com,aMoUlvbY6oqR
uvCJFaOh@outlook.com,DEupJPGAMbpW
SmAjqSl3@aol.com,4nQxoCGXOI1T
CDRseJ1F@outlook.com,yZoyWybH9hkP
Y51Mfawj@aol.com,3NNj70Vj8eqM
gAXvNDdi@yahoo.com,PstCPKdbrdKH
IrW5tHUM@hotmail.com,MpcHySnavXJg
VIiomdDl@outlook.com,jPySK1J2ci15
j4VlIkpT@gmail.com,pVsOmC6z4FAX
ZHZz3mzU@gmail.com,a2q6EgY2o8Ka
lOOgPzBk@aol.com,APAZP3n037Oe
GUsA679h@yahoo.com,WskYnRalBssd
ph0Nn2y1@gmail.com,DIx8NAW08mVL
sVQqGJaB@outlook.com,2UKGYURe4VIZ
UR8JjaUn@gmail.com,XhI91toDlTIk
Mtowops5@outlook.com,RJPguQFNhPaO
AXCTDvpo@gmail.com,AGKfTKzBXNVm
Ixf32xzi@hotmail.com,6chMPPPDgKzP
1pb6Hybz@hotmail.com,CJTUWlTYmWNa
Cu8cQZMc@yahoo.com,J1Tfwto0HFAi
xp84wGIy@aol.com,VcmdJ2SdtwgG
UK1AoDB4@gmail.com,bldsLzCVPayy
KL3wCczg@aol.com,TTxhlQpQRpOc
skvGNOJ8@aol.com,349h6N6ZQyZS
KW0ZAkLd@gmail.com,EERqv4U6ZfVe
EIxxN1ET@gmail.com,dZX5udaBhL9i
Xo8yV6eO@aol.com,9gtkStBYef23
YLqZOdE6@gmail.com,XB5QOApav6RO
EBtudDUg@gmail.com,2v7PG10TAUP5
DQkIBmCt@aol.com,dKGqn8kcnGmq
KSTAmnWs@hotmail.com,Rczr7b8SOQGJ
LxtGXSIm@outlook.com,671COFGtVr1W
8wHdrHYM@hotmail.com,2mMx4N1Ws7ng
Yfyxllgm@gmail.com,CZXA6sWqd31d
rRemIGos@gmail.com,0RZbwsyX6HUy
LyZGWVJh@yahoo.com,0Zh3wdymaY0L
YSqQ5ESe@outlook.com,CMY2Bs2d5RBL
EDkh8of7@yahoo.com,F5pR9PwIvdsN
GLahtImk@yahoo.com,wPxGuqcTc2Yy
FNNebM8J@hotmail.com,ffDOYNXiElfr
8vS5grTd@aol.com,w8RiACz86Vok
efgx3Lux@yahoo.com,P67wWgMclzPx
AIzdrVKr@hotmail.com,b6vbBHuA5YRO
gzJwnhMo@outlook.com,ludasc0BLyoB
6fOd5vDW@yahoo.com,oJd7QbHX41M6
JNq9XeBX@gmail.com,7rfJXXvHYLYY
XWefuGMQ@aol.com,XxhwdbI3t1Bg
HUnbStOC@outlook.com,Vf0zClUBxiYi
DmOgvjve@hotmail.com,GqeEnglTxC2W
v7fid1JD@aol.com,hhSa6hcPwQHF
gWPue014@outlook.com,a0fn3ni08nlk
38Uo3EfX@outlook.com,q1BtllajvxrR
Je29oXCK@gmail.com,f73jnDeSXKqT
nunHp9JF@gmail.com,iie4NtnDZixd
X3hC8F0v@yahoo.com,G1ct6DmUcp3E
xLcLmyx7@gmail.com,VOkglmKVKwxV
BOf4yRI0@gmail.com,5i5M1rKRjL7m
H8D66z9g@yahoo.com,dzWKzxjkWkDN
QNSo6WjP@yahoo.com,8kFpcfsvffEq
R7tAMa5q@yahoo.com,Ex9AgCgESpPh
Vv5D9QRQ@hotmail.com,fyBjkxZ6a3tY
tssZlkpa@yahoo.com,FWDqlIty4cxO
YMS4XVCx@gmail.com,x5XIQgqnd504
9rLYvHie@yahoo.com,e3sQy5yCN223
dZEs8vSe@yahoo.com,d0SwKZxxWzMT
MdNl7gBf@aol.com,jE69v8hnfKDg
1DvUzlNj@outlook.com,KmaFhThFC8Na
5uza8wfG@gmail.com,MzvzFQcg1Pc0
cnrci9R4@gmail.com,fbBUQ64dEgq9
xod293Yw@outlook.com,gSLVSaZy0FuP
8Rfi4IvR@gmail.com,RBWpcyVx0TJS
eSestA1I@hotmail.com,pScUb7vIeY3R
RYvvS3og@aol.com,10uyXh9nypAY
gDwI1Vqr@gmail.com,XB7VD56a6XEt
LN1cdR2D@yahoo.com,ZCv6WpCm43CV
6kVobxQC@aol.com,O747q0fIimTw
Xrd3gZSS@yahoo.com,wz3HxTRKCi92
HrfQKw1C@gmail.com,XUXzzGXu2mSi
vs34OiZj@gmail.com,O85kVpPPA3Cs
M2C9vViV@hotmail.com,IPTvc7ViUSmx
RNXziV07@yahoo.com,iUlPzFQ68VRZ
tq31NSyo@hotmail.com,rZxYn2hSoZhm
gNNADuz9@aol.com,rNf1nxInjaHQ
s8M9tNtE@outlook.com,NWe8cXx5IDFY
9QvW749L@gmail.com,eJNTjM9PWQM0
BMmEoqRX@outlook.com,ppGwy4piMq24
BZxkWnVi@hotmail.com,7wtdytALGFAN
9IAfnisv@outlook.com,ob4h7FahMILi
9DIjhRL1@gmail.com,GY6kQYIYmbFR
18K3h1AM@aol.com,NOmzcq1ypFfz
TLoaE1zG@gmail.com,p31rxpOdZ3uN
wvMsdCI9@gmail.com,zSjBRU0P44BW
5rfOQyvB@outlook.com,Yw6zEUhYhRiO
TUk8VChk@hotmail.com,feowY5HuIwiI
UdIUkcpa@outlook.com,MuxmBAVTfpNS
9D0QFi7i@gmail.com,OzC78o6cSyTw
t2N40EBN@yahoo.com,gDj3CVfmGjs9
gRYcJiIZ@yahoo.com,VvavOe3fbukZ
JYKQ5XKs@yahoo.com,jpSz7F6MAmZC
9wtjxr63@yahoo.com,jMyx2HuVhW4T
tHLoKIs4@hotmail.com,QdlACOwtlnDE
iYWaDDG0@outlook.com,q1bih0fDQGua
eqDeE5pE@gmail.com,VvWPUiJlc6Pv
DRYtj2je@hotmail.com,kzbYdvBdHMDP
ubaEEKSP@aol.com,eDl0ss0el8N0
RGLODVRr@outlook.com,JHvgWocudc1c
UwTiiknu@outlook.com,Bva0MGibhPDw
CdZ5X7J7@hotmail.com,0ISo5dWdvHhS
vR4j2lPT@outlook.com,5FiDG5WB7md4
ZERSB0AG@hotmail.com,kHkhtP9yrl7w
aZi1c8Ah@aol.com,YSlCw2OyHved
lBJ87ZxD@gmail.com,b81IG0CKT7US
XmGmp2YR@aol.com,772m3CAzoJkx
FzwLqoAh@gmail.com,OXJLVPcrChim
74a99dD3@hotmail.com,MukeHLIhMkbJ
FjT8chqy@aol.com,f09xq8Iz7e0i
0hKtBAUX@gmail.com,TfcGtgmM3UAa
B85YVlu9@gmail.com,SDqfGz1FNeWj
FmPETDrS@aol.com,KlfTncIFFpcL
nkEwS9Zo@hotmail.com,nJRebR4tqNQl
pYhJXcfu@outlook.com,cTz8354XEydq
FKegaM2v@gmail.com,JtR1P4Vw4nU7
Beyxyw60@yahoo.com,5znfHccK1Bsg
24Fhw7PV@gmail.com,hEyeZnf3kdET
pbaWmTVj@hotmail.com,ZKNRxqpWSHlT
GraTX18B@yahoo.com,oaWTkFlNoMRQ
uYQi2aiL@gmail.com,Zn2UhhWKEQsf
Q8mrLNOt@gmail.com,ImDlUBI5Prpd
m9A6qd5d@gmail.com,AeJdcpL47db0
K39jEEcY@hotmail.com,1kYg4DKXcB2S
kHOMa9qI@gmail.com,qGk4wHWihUoC
7pi2mC4s@outlook.com,O8Vs1iIfTrWB
zh2gSaaj@aol.com,Mb5gMgBu8xmz
wENjKUoT@gmail.com,mH3yd7l13VUZ
Q8jeDo0C@gmail.com,2Enf3wPL7gX0
cy0HemBi@aol.com,9uMDqXh2ZCvl
QGJLTXMZ@yahoo.com,cvDTK5nZOPTY
Hs1N6Cm5@aol.com,Rh134akwEgKO
9zrwi9vs@gmail.com,D8KRRwmxNWbh
ld8xRfOA@outlook.com,VwNKoW9Fdy13
J1ZrXE8M@hotmail.com,AGLduddwa9cH
AwhqCK85@yahoo.com,teRmqVxrstTh
PHhSPAKx@gmail.com,L9T5BcNTCZql
FIbqzmNe@aol.com,uwH4FnopStRW
8x2VNoLO@aol.com,eh4xpDeAuFKa
2BKPreDI@hotmail.com,NGUMpQ7Iyzcc
39Kn08x9@gmail.com,SEJmEzFbxREU
sWG5MqsE@yahoo.com,pb7i4izA6jtv
VP5y9H9X@hotmail.com,2eRCgkcEPKFF
CQiSbth7@outlook.com,0A1OYi17ohDa
nHlc8eUD@hotmail.com,CWAH1ZKxmzzh
Z5yDiONp@hotmail.com,qoyAQrNWUb1d
htAcvecC@aol.com,HkAM8S8prw4R
91f6ppxl@yahoo.com,jKWsTvCtuNPA
KtT9YxYV@yahoo.com,CVVl0jMTelYp
BkRbzSS9@hotmail.com,ocfHEEmr8JgL
7OaLQOQ8@yahoo.com,OQ47ZiiOUxGs
P7gpVBJ2@outlook.com,UKmWhV9PjE0y
QUPHUGy5@outlook.com,qmO30t7FxriZ
Adl0KNHN@hotmail.com,wXpq7hsiIgEC
VyFts22n@outlook.com,zM0kVkQImugs
58ojTc9h@aol.com,VCsN25bV1Uch
oPObgpIc@aol.com,U6ySag4r3Nxs
fmf6MAnA@outlook.com,qRMk01VpEyHi
tZX3kveI@outlook.com,Acy5drrHbdnn
PzLjsTca@hotmail.com,VlIJvBMGA0B6
4TtttfzZ@aol.com,DQ19rHx3UeKS
5ga7Fe6Y@aol.com,QZniUemCc0nu
MtG7rrSK@hotmail.com,OMtotRqw7hN0
bDgwgU9P@aol.com,3p3xPuuEOe4s
PUZIYMfp@aol.com,lo7arwxVBNPd
FeOyAbuV@gmail.com,OulXXlyLRGgJ
wLiFQYxh@outlook.com,SsiigJ4uz93G
BoKR5RqV@gmail.com,0kyKEfBaHOn5
AVDeyWjo@hotmail.com,1PbyhOOfuBke
Z3G5xSCF@outlook.com,vLAKPRo4AmyU
BaCBaOum@outlook.com,DcHvfrENdiQp
pJr0OPZc@hotmail.com,URDZmeX9Yoct
74ZjAl8d@hotmail.com,i9TIe6hcXc4L
2O1m2I1U@outlook.com,AQJy3UBRkPXA
eYllcqSx@gmail.com,RaOL8o0VUncY
AR5YBytQ@aol.com,lxCE23WK82On
Ikrq4FNg@hotmail.com,2mwBkJn64nVm
hJxKzYox@yahoo.com,HomkU8LcmoHk
GHUogQLw@hotmail.com,ruSpjkG0BguF
eJzgX83z@hotmail.com,ou6HwT24CofL
lRAnzGBT@gmail.com,JT1Gx2GrAPWz
P41d7AUe@outlook.com,FRUQUiJ0bJBE
WnruG9c3@hotmail.com,0ZmTbMT9jOlZ
oCzPsOmi@yahoo.com,F1Zy0he6EZ3y
rHakvVPT@gmail.com,774kU0X1nCEc
Od9iaIrm@aol.com,rnkJ3vWCzEgo
iNzNHqFO@outlook.com,ZyqY6nbYWfxH
NsfH8pOg@aol.com,LACFVkk2XXtH
qz66Tir2@yahoo.com,0xkATkZmh780
LxrtqW5q@aol.com,RCmE0biJ0Mdi
nEaqKNRn@yahoo.com,XGlLzatqF5lD
XohLFK36@hotmail.com,fZjpNBO1pD5m
KgBoj66F@gmail.com,z35POvAy2TJJ
1Oau733E@gmail.com,missurDUDqS6
hy82JQh4@gmail.com,nLJnCvVd8Uql
oiikeAVU@hotmail.com,gjUwSATlgyfD
ULzcGOwy@aol.com,NLojcSmEpRIr
obLliYZ2@yahoo.com,qNWL12OxocYp
WVeWdybB@outlook.com,UYoTltqMTXmH
r9qoed7a@hotmail.com,eVOZQaW7GV4v
2BVc4JtH@outlook.com,3JkZUQQkWTHX
plexdAuc@gmail.com,lVggQTdCuHtd
g3Gloxyl@gmail.com,0zn5Mtdgc34R
QhfFqeM8@yahoo.com,iMC67StnMgJT
a5vFscuX@aol.com,T85GgHlmCxQL
pABfcAqu@yahoo.com,7s3CS23h1iZO
klasN3y2@gmail.com,kTewEvebYzNP
U1rr5fRQ@gmail.com,9BXQLdJqaHoh
ANGp4vWf@outlook.com,v5Gt8bsp14xH
5epVmQHJ@aol.com,0dih10xPPufW
dJYTwaOo@aol.com,6kdRnqsZusJs
dFWOVEcC@hotmail.com,eU1m6yMxwHiF
LMwZ2g7B@yahoo.com,A3iOyR3Siz7z
EGG0P34v@outlook.com,QtCw32AY9jBX
Wxn6wihN@gmail.com,gctP1NK7T0jn
kfrRJoo4@gmail.com,nO7X19vxjDRH
WyZoMRKH@aol.com,gge46UFfXruO
Uw8GhRC9@hotmail.com,QMbo261XUxJs
oimXfLVv@hotmail.com,KNhaxOXWF2I9
UdkZdFGo@hotmail.com,ZlVZopcE1N3Y
Q91Ymv7V@aol.com,rWzmHpROkX8f
nWpfgkID@hotmail.com,dSjnR3Y68loV
hFS6F7Oi@yahoo.com,YfPqYcd3fLi0
n9eRAhe6@yahoo.com,93L2vENHhiXf
rlvBSK7G@aol.com,KqvLcjzc16fl
PpSsNimG@gmail.com,nB2zEgiK4yyh
tMy6s9UG@gmail.com,N4g02Rd6ZDPN
V1A5AobZ@hotmail.com,2GKr77xbRYSN
YSHqSZ45@outlook.com,ZbFmmdvYBoBX
zPy1aoSO@yahoo.com,bzFXwcEMmO5V
oG35Xo64@outlook.com,V79b4UOxk4N8
xVASZKEG@yahoo.com,ty2zzaQdWwB6
qNzShfP7@hotmail.com,K5P9Yecbjx36
OnBQSAkf@hotmail.com,Xt4rxhPgP6tM
U0l8w9aL@hotmail.com,jtkjSB8GzgfH
0eXFBmzY@yahoo.com,hA48rTSQ8Ifm
bBj5sABF@hotmail.com,H6I3VL7ZT36M
PGpbMZSf@hotmail.com,lfwMzLLYtDHf
Rp6TzUZA@gmail.com,vmoF5J7Z0HnF
QzMGriRc@hotmail.com,eeeTJeGllC9y
BFVUP0LK@gmail.com,ADrkn05aezg5
Z0HG5uR2@aol.com,2k47ZF7s2fXN
yewGeQZX@outlook.com,TOoKYSj1kOB4
cbiZrYOL@aol.com,MIH1dtBxvBON
6wLhez07@hotmail.com,PPdcdtRgLva2
e0I08uNE@aol.com,c5q63MWPVsae
rcYWTN5t@gmail.com,eC5f6Lcd46lo
ZLx0p4Ua@hotmail.com,bZFaecTtvrBP
giO0U2ls@outlook.com,wkuNGcgsQwvK
7pfM304j@hotmail.com,VVWr2b198xy1
VEqdY4UM@gmail.com,8t9XvZxohths
s3zVrFMt@hotmail.com,xryDjknXunVX
0usyCV1O@hotmail.com,WneUBeeDIvN3
kI6RnQMW@hotmail.com,GhjT6tyDOIRB
WCSLkmS0@outlook.com,3KoK0eKGPOj4
5LhNC81p@aol.com,t6RzXZI1TGfx
okEcLjCq@gmail.com,3tFEh5TPMOaS
wpuRj95m@gmail.com,PJ7rqWAYsDEf
5oRRNYct@aol.com,HvZfMdbUmdWH
1XB4hWA4@hotmail.com,gq5ZDcT5YcE7
4zFIwGcZ@hotmail.com,eI2LiJKFwWr4
NUbKbQoi@gmail.com,uXgOImoqSw9m
p4npFxYC@yahoo.com,YZK3ZER2UHf9
2MfPG9aT@aol.com,HUF28bTRIO51
tlO8MY5C@aol.com,nnGickvcGMDD
roOqIGEF@aol.com,HZvRnYB8gYKQ
gqMmSNoO@aol.com,0Q1zTX4CqDj5
9xKhZzFx@gmail.com,97jGOmc7FouM
QZFr4Yj9@hotmail.com,V3u05AkJldRj
mP8CBvxg@hotmail.com,BsvjDoOl4bzI
6f219c5X@aol.com,rO7inxUgL4hn
mj3J8h5d@gmail.com,E6oBAuXIo3pI
rxrOcFqr@aol.com,XhuwmxHfEQrs
KgpIpb5b@hotmail.com,PU02iVkYquRC
Xiq2HLpk@hotmail.com,CfOKUldwO08t
xVbJ9LBu@yahoo.com,Oonq7P1IoAPr
gvY7BvoT@outlook.com,TTTSvqwptMwl
dlBXcBdX@outlook.com,UUgPNMmepie8
3LdgXhg6@gmail.com,O9qN4OdIe1LC
aN9U6DTZ@yahoo.com,JdqsipwKXwFD
0dHn787Z@hotmail.com,xSGJJJMKghv3
NseWZzYG@outlook.com,v5ulplUbF8oQ
jwe6rf4a@yahoo.com,izzetvZ0EvuH
n87bqd8t@yahoo.com,8BFpD10mjROY
tC3kykoD@yahoo.com,4krJNiny0m7e
4OxAoxsv@gmail.com,nlEK71t7iyp6
KyvHI5Yx@gmail.com,cO3nTZjUVX12
cr2MBLcS@hotmail.com,bYPzgATBmF2p
S9Nbet75@yahoo.com,sSkP21lapeBc
DS4V9vYH@yahoo.com,pFMF6zzglMtK
HO5pmaL1@outlook.com,o4Bv9NUvVgSx
5gAHLAKJ@outlook.com,cGBzS0akwfIN
YUKKeZA2@yahoo.com,V1htOlPLgq7G
klWrivGp@aol.com,g3m9RIQaA2gS
Zxa954OQ@yahoo.com,iQtyFlmL6NgR
cMmGnS6k@gmail.com,pzs8fD5pWC2F
FyWmDSr7@outlook.com,MuqPb8kbgFWA
6FH2t2tw@yahoo.com,CFj8KdOo5Iqx
WsiWkyQf@aol.com,d92ZLK5qF2w5
EWusEtAQ@yahoo.com,DZZVOFBpI338
qe0LTCp1@yahoo.com,wZbgQrODyBcJ
4O4yUsan@yahoo.com,wy3b7glfayAb
LsAx5e1z@yahoo.com,l8Gv0bOzVPsH
EERBZwK7@gmail.com,IuIMX5cq7woY
QkUUVtng@hotmail.com,D52fcQXgsZoN
Oi9d9cLJ@gmail.com,xZxcEnyVIQZ1
kfjHi9Gh@outlook.com,yzYUermQQi3z
t5AQClf0@outlook.com,zMTOHCNpXjcz
G0UgDbJQ@outlook.com,Hb9UEz9zuB6G
E93catO4@aol.com,A3t4nexnSafD
0lFq2zTl@outlook.com,73mdydb1hcYY
lxcIJ6xw@outlook.com,QDavZCOj5Y9d
WfAln5Rj@hotmail.com,K1ikoKv4o7HA
ysLCBv9D@aol.com,Lp8fq6eTnBuN
2zYnkvdV@outlook.com,mzNsNZGBv1T8
9BEVzeCL@gmail.com,TeQN2cUmOTOc
29seQ6eJ@outlook.com,aR2wH1BEqi1Z
ulj7PtrS@gmail.com,l3W8BTjIwhrP
xXFnSZdc@yahoo.com,yFzyAlGjtj3S
4XpWOvcL@aol.com,J4cw5g08ptF7
poBKOXSe@yahoo.com,KL8x71cPzhCl
IXISbBrs@aol.com,Es3bUJ3Goqd1
7aLj6iS4@yahoo.com,qRAwxTnpOHEY
S3EPatar@gmail.com,KzJ9pMj2GnwS
5QJlmEG8@outlook.com,poGwR5RqPgBa
CrG564h9@hotmail.com,pfsmaUg5FI3z
x8IKfzeo@hotmail.com,FtVIsXEpN4XG
L0lwr1OJ@hotmail.com,64vCH5unIX91
sNP8Mze1@yahoo.com,lzu7bH9cm38U
b8nObWOm@yahoo.com,CJ7rxQ6keaRU
dPh5HsVZ@gmail.com,0RBdTWrpRGEj
ezGm90xq@aol.com,zYuy9LBiHuQl
9LtItkci@outlook.com,c2xGKQuiVLqc
9fAzKzql@aol.com,RD6Tf7LDDidr
WmZGHAjZ@hotmail.com,2rkmxdIztSvK
fr1omXdu@aol.com,cXAeum075h7V
M7g6ZPwT@gmail.com,JhU7fFkVOOAF
THpL8qey@aol.com,DD17tGuu0OTJ
kGu077Ri@outlook.com,F476tVMccpWJ
DzpeNvYJ@aol.com,NPy6oK47aqEr
kxExBRUR@hotmail.com,XdG7PlVJrpsA
MSR4ZJoC@gmail.com,b2n7nLj2Lx6o
xPO3uxVP@yahoo.com,dxfLYbPozGsz
O0Bwo5YA@outlook.com,FiEB1mY5vqD4
5zJUMuZz@gmail.com,pB76Obbc9QeM
FARqaOzE@aol.com,cmJYHUmDxf4Q
RC2Gwbab@hotmail.com,SyotXAbeGDA1
XoectLkZ@gmail.com,Djzojcvznmbl
oub53kxa@hotmail.com,4OhEWSkjYa1T
lwEU9OHV@outlook.com,k7NfCTD7JKLP
W0ZJTDUk@hotmail.com,YdIrzoFEkrQs
B1oo5I6q@outlook.com,d9xkntQUFSwL
ZxsbtGk9@hotmail.com,LyviE4VG4kNX
VlVD99tO@outlook.com,uFOqOTH8MHtb
1ain64ff@gmail.com,lZ7wiR2CzjlI
hMTOGqU4@outlook.com,B6Gan5K2A40C
l1H2bMgd@hotmail.com,oynj0lhdru3M
ROHEVMj9@hotmail.com,4hZRvhvjPMIR
lhoeELjN@gmail.com,JLTnzPEP3jVZ
kaCxtNv0@yahoo.com,1NtqgelveRHQ
IbH63GUA@aol.com,mmGpYpmKs4pt
yEEsUNd7@yahoo.com,jB1pORhCzJhP
tpDN9fON@outlook.com,sOeEJwQxIIkw
UWXDjS7d@yahoo.com,kJYHyW4mSocE
0fDu5CRW@yahoo.com,y8Fj0o6LkLal
WnTBiEkH@aol.com,eQSegunKABzp
OYpbD1et@aol.com,AdrNu0Pd8MDA
dsGRpDm5@outlook.com,KHiIELDc7CkI
eTYGMTnd@outlook.com,pZ3fIJ05UjWo
I6mr3KGD@outlook.com,NqulWs3PBZ60
PsJiAsve@outlook.com,KeaBzWCV4x6A
dadEGm4q@aol.com,qzyYJZTGElza
cxp7rjox@aol.com,rS5mYhB6hDGR
jKiIWXkR@yahoo.com,eHy85Uj2J5QT
x3iYZWo1@hotmail.com,MHUgCG0ylhtv
PJxG9xkp@hotmail.com,kdrqV1mKA3OI
OKS4Zsdd@gmail.com,U7hqK9EXhAtp
gik9jNAu@gmail.com,ifXZZwfzettD
p4L8NGEr@yahoo.com,Pk6jr4DPcu3J
kWzE73Yz@aol.com,de9FiHw5IpSV
CwXVrGim@gmail.com,jkjqsUGUzhoT
bvTEo0zU@hotmail.com,h0h02MJFH8F1
1a3tnJ2U@aol.com,BbZtYdhCRqSU
DfLJN7l2@aol.com,uHVpEZJLh7cW
ndrxs2A4@outlook.com,5twMycRPRbJ8
cDPTYOjl@yahoo.com,AhJr2qKZahiM
rs3l6Uus@aol.com,4Rdr8DIrq6mz
UtFFQrRw@gmail.com,bGRFpJjXnYao
voTIhObm@yahoo.com,88VNon7kCCpg
DtBIn7jQ@yahoo.com,Yw0aFwUj8AkV
ohUKBZLG@yahoo.com,MWfxbZrB3p7b
kSEMwouD@yahoo.com,ThvW5cpFQTxl
VRJy31IG@outlook.com,rgm0EfXXH4nS
2pKgxHC7@aol.com,xWIuwwmm4fu7
avtgS4cH@yahoo.com,Kachi8KS63PL
tQRNNEFb@gmail.com,bb1xjcIWAnQf
JNPLzwhm@gmail.com,evpVMksFzKc9
fMMY6doR@gmail.com,Y5nQlb1V54SP
dWZD1Oes@outlook.com,4mnzDPAsKvlw
hyhUM4cF@yahoo.com,BesDG3FV5moj
YGRmljJa@yahoo.com,OrJB21BToyYn
G0MEYbXN@aol.com,4QR1mTXxqAmJ
e5tY1LEX@yahoo.com,If7RAsX8mah3
b9baVXKz@outlook.com,nFTYgPlI1FHE
zY6XtRX6@hotmail.com,LZyEp54c6Mwd
Gmk0hGAq@yahoo.com,ZmbRuIIC2Bsz
2iDFzJra@hotmail.com,rqcpO1Wbm98q
TDHsqWsU@hotmail.com,TjFZDjo3qxSK
1dG8zI5p@aol.com,T4I32b8ducXr
64Z6bb9d@yahoo.com,bVw66YjqYtRV
W3fRS5dJ@aol.com,qcuJvZ3LXX89
d1iTmQWp@hotmail.com,BrlCG9ydDNWh
pKTRYbz6@yahoo.com,YuuJsfpKYdKk
JY2FeuXP@aol.com,LrAY3ZWFXzLw
68SpQSLB@hotmail.com,VMQ4rWDXWo5f
OqTIn8ux@outlook.com,DKWf68G8uWi0
15Mk0O5B@gmail.com,vxyL5pGAZBSU
BkOoShKL@outlook.com,OtTUSN2aDnw6
FkeGhUDV@yahoo.com,hMKUfLptbbxg
kwqzNpZu@hotmail.com,4I07Wa7J3Pxc
3qKdzVlr@aol.com,n4HSr2qANTpx
NUzdIlLM@aol.com,XnZoXX2U4wvO
Umpws5WS@yahoo.com,lmbTPiH4LR16
pvLGqCO1@yahoo.com,B0x0L02XgJE9
FPVeWOQq@aol.com,HLFbP25yq37c
TMCxzd18@aol.com,mC4daAKoitKJ
D68Vplx4@aol.com,rW7yLG3uPYwA
sLzbUTkT@aol.com,GJ5zwRjC06CW
i4I8408r@aol.com,8a2JZgMAUV42
UFaHjuGx@hotmail.com,06LQ9ZOSjnmQ
j6ekoVht@outlook.com,wgUgTWLHH41V
YyyxsH6O@hotmail.com,HrtoIOJPJ2Ev
zJMaoiZX@outlook.com,YQSu2JwMxAOl
UeUIRhz1@yahoo.com,cpfgzpOVhDXY
eh1jxv65@outlook.com,dAkfY3sFWfvK
OI0DNpWW@gmail.com,Rc32oZmLjVZ5
uzsAObTg@outlook.com,SXpKFimos5xq
qtaXNgvR@outlook.com,MaZs0zQRyMJx
lCJ8gqyU@yahoo.com,AwJ5pQpEz5Q9
7RO2kwd1@hotmail.com,KEPbwAZoRrIS
h1qgcNTG@gmail.com,za1Cvuo8nfGM
dyOC6Klv@hotmail.com,z4tKBu7ED0C9
ubYbky3o@yahoo.com,wP9hzL1tngQK
UZJ5U1tB@yahoo.com,eX4fHd3EqZw3
v4fL8OGq@outlook.com,rBpow7MwYJip
PcXYcWtj@hotmail.com,1FZHm8ZqcAyB
liH4ZIEz@aol.com,4eTOkRciC4iB
A9KYRj2p@hotmail.com,SyMqdbXNxgRw
HBMnv8y0@gmail.com,KD4REDr82D9L
BCpQQxoT@yahoo.com,UHFf9QFokMfT
LgmzIeM2@outlook.com,anLgyR62XKpF
OUItG2g7@gmail.com,cwGtiGvNYSzk
MUQfO3tH@yahoo.com,iHgrfFP1ai5g
RFfVjGZH@outlook.com,9o1grYMHbHKB
bV71qwMR@aol.com,HdHMuyUK9MPN
vZSDB3sQ@outlook.com,f7T7eyEXHOfm
11sdxAl8@outlook.com,DeKjQds6Ua8O
g5Kxcp9E@yahoo.com,feNzSMwl74Ea
mQW3CLzJ@yahoo.com,I2TMSZjlBFQW
47z3dam1@yahoo.com,nAKK2oqzh2YG
QpEVdEvq@outlook.com,zQja8HERKBbl
jGLbjP7g@aol.com,tjIMpHeiTf9N
8GK5Stc3@outlook.com,3RzUlMzWYhPY
FvP9DPKd@outlook.com,6zCfkBEvajPf
fZ17l9L9@hotmail.com,nqPdkVAqscYh
J3gmHAlO@yahoo.com,Mv27TyN6tq9x
ktvgfmvk@aol.com,gubPIOnYj9JT
i6nnUGbD@hotmail.com,lMKsqBTkM2IU
3PSfOutn@aol.com,iHluh125eYdV
5awa1qXz@aol.com,B8QpkbwUgag0
0XIkjhvl@hotmail.com,a7lA1j15jZsW
b0vYVp5e@outlook.com,gQyoOCBMbK8u
biDu1xlq@outlook.com,QWKNsJSVfaAP
Q1Fyly5z@hotmail.com,qXao25PR06IW
HTxpx6Zz@hotmail.com,5sSVY6E0IHM4
JphjFzEG@gmail.com,dDA9fwBGeiQQ
Yg4WXY8s@outlook.com,l8UHcJdmS3Id
Ci5MPNqn@hotmail.com,N86zIxchLXgK
Q5EI05rZ@gmail.com,jVQULBTqWT5Q
0w7ouMDn@hotmail.com,mGRG39e32Lsi
A9JWaWiJ@outlook.com,4hIhRVz0rtS4
wx2SFCnP@hotmail.com,IqpqAJWNGGVt
NQoZGO94@gmail.com,Ani4LIu9quE2
opGj45po@outlook.com,QwZrt4nGOtQL
CvhWdGQW@aol.com,ne45MAmZlnqw
SUxRbQrr@gmail.com,rkw1JpZOcML7
lb7Hk1Ig@outlook.com,nBXjB4mam1Vz
4WEjWMhT@gmail.com,mmXcBXYGIlu1
HtKlHnd4@yahoo.com,5AbtplyIio3a
9WMnfsxl@aol.com,sn488d2oB0U9
jeYpJCgZ@outlook.com,trkJS7YIkvqL
ZT6zpxlA@hotmail.com,vYtih0o4c3LP
xtOhH1E5@gmail.com,LqJ3Lw8uoeqI
cizkmaYK@hotmail.com,4nwoP2jHTgkz
nO6XEHnb@outlook.com,isFrsIjVLmaR
QgZZCk9v@outlook.com,KQnnwXNDHKB6
hsyWtnG7@gmail.com,mL0GUanRATNi
omMYMeQa@aol.com,BqDLJPk9HQXk
6R6Dspmd@aol.com,MZ4DSJD14hdy
MwU5S6Pu@gmail.com,qOZgHepMw9MF
jEYKEQSN@gmail.com,gusa3zNSFpnY
qUqZZGxn@aol.com,afooF5yTwR2G
tPsXM8pU@hotmail.com,MSgxYZCNiZBp
FK76zO5o@gmail.com,sYhEwwouLrxZ
0p36IYr0@gmail.com,g5ycxe4npxw3
eWmDdjYp@aol.com,kudNHgzj9xjl
ZVs1IjJj@gmail.com,knWfetYBz7Un
DA4RIUv8@hotmail.com,S7dgwM8d0lXy
2Hg79295@gmail.com,HpPHI8SCC783
q3jRjbeQ@aol.com,7XwQxhJPx1ub
CxWArqS3@yahoo.com,tla4RbfOeNJu
5t2LGX2M@aol.com,kiGqh3i3WkcG
JwFs8PLv@hotmail.com,r80p0kr3H5LH
dINdU4gh@aol.com,S7EOu9HjKrwm
zmzK9Xdo@outlook.com,S2XYy4kWH3Es
cKhqek6m@gmail.com,c5tJABtWejdQ
3L9qDr6Y@aol.com,Rn225ADhtGc6
0CeDceWz@outlook.com,ELVPk7qUEnU4
7ok2aqb0@outlook.com,haIsawqOm5Bu
DNinq9mP@outlook.com,xh35daRuGgkU
seucMOTO@outlook.com,TJdMI3PAoPhN
QMkslEhf@hotmail.com,pTwUwDwy5S8o
51BsC8Ks@gmail.com,ujol4jgyJu19
KDuuheVI@gmail.com,sUgbhlUDKOW9
haJ1o4vm@gmail.com,Xn6k1BoevISX
bvpGOgmn@hotmail.com,ppu174V80yTk
wFPEdIoe@yahoo.com,420VdDz0gd35
FOel5nEb@yahoo.com,4O7AvCRPrzua
o97csgdI@gmail.com,dyTu1s4wQJeq
KwsfyvJW@hotmail.com,CYUwHYI8vm4S
P8lQTmfZ@aol.com,vf0JvaG36hyX
hYZCveqA@hotmail.com,l1R0dGqFjtqn
Rmk8FQwe@aol.com,BmBzk6g6sdUD
3SLgcf3W@aol.com,32Fx1ns9AAFp
e4SNUpLI@aol.com,wTU7AKMt0NBc
61SH6paL@yahoo.com,SK7bEZeGHuwF
174mXPZ6@yahoo.com,HupgDlWuqRGZ
Juc4EUqF@aol.com,Izr23TPa1EOl
CtygdgM0@yahoo.com,F7dnTO0j7j8v
sNE1ELdj@outlook.com,YEzX9wxRyJPA
tzONo8IB@hotmail.com,GL7tEF4PI1vw
Ba4ZozJi@aol.com,55PRGEgh4avJ
vqGoGBxU@hotmail.com,CLah4kzKNwCp
JPNf0XAg@yahoo.com,J0bvKIxzpaSI
ypWRmwnj@hotmail.com,SfGAmqk9taXP
6OmRIJzH@yahoo.com,UFyDqNeYtKhl
rlrcmDbW@outlook.com,FANuOQyCILMi
F9kRRELA@aol.com,RoYqb6WKNEcB
u72grQRr@outlook.com,R844O0Q9TupE
MGXjRxAj@aol.com,mVsycRAYai7K
rJaaPjZN@outlook.com,1KgCpy3eJqFF
PYfFWOIy@aol.com,ZsXEHrXOP6py
U50l1KDR@gmail.com,Ihw8yCWiTiuN
8llLVG5p@outlook.com,4HAW4ve2sfTQ
tM4NT9Px@gmail.com,EMQurwGWVFMd
5TD3MWKO@hotmail.com,cPU6PFuDRJd1
BmpqPoqW@hotmail.com,kK86TUagrARh
ixFEjf1k@outlook.com,C6xQM1uphvID
5Rg2CKT8@outlook.com,oYM84O0Lhsd3
CpbMyi3W@hotmail.com,oasigxg0BGbo
tb9BEZ1J@hotmail.com,LwBdCoItye0c
EOcruMzZ@hotmail.com,EG5GcevKYvTl
J88dQUXZ@yahoo.com,1v9Ksofxy4V6
Y7NSkZuT@hotmail.com,TUjhPp4BfETV
NQ1nUBYY@aol.com,G2guO17nhSdY
YQBWTUus@yahoo.com,bqP7PKLL8goS
g1OStPE7@yahoo.com,0966JgsiXTkn
lwAUE8CI@outlook.com,tPCLM7ZlKcvI
JO4CcFFs@yahoo.com,H4hkZ7UQdFxU
AnY4aeDJ@aol.com,Sgii4qAlYTTS
YYCCRNM4@aol.com,SQhXKMQQ2BPl
Qdwmx2ON@aol.com,YmGLSamOGtP1
2T3G9H0z@outlook.com,Klt5ZFDkKeyW
hsxXM0O1@aol.com,gaIzeZJuSAjC
vvKiqHED@yahoo.com,GB1G0RpY8e9I
5M9qA5SC@hotmail.com,4Y0iKsQAebka
QIjZUkpL@outlook.com,hpwXaUXoOZI8
GZMBGSVU@aol.com,snfHUMyHpZBh
v3jLpVcj@yahoo.com,5SUrLsPYMgBr
6CZDKY33@outlook.com,MP8rRjARgwre
VT9xIUWR@outlook.com,t6rsjbqHZz6l
JOUntZBd@gmail.com,wiDvz82uVQPT
HpXL8UCr@hotmail.com,YMRNFzjUKZC0
jcl0Wjms@gmail.com,cwz43LG9cJPd
EfHkFqjZ@yahoo.com,LHXLKd7mkklq
UPV4cMxU@yahoo.com,zhKyutb4OAGe
cjNW85r9@gmail.com,5VRutsOXsVHn
F8U7xQxv@hotmail.com,ZCut5fXeV5WI
GTOfWnSf@yahoo.com,CxpxzavXUgk3
Ce1kav9X@yahoo.com,Dhe1Spr8oHCB
I3KO8ehJ@outlook.com,7rW51PbAqutz
wMbN8pBm@hotmail.com,mlvTKeJW3f5r
Emq8ERmT@hotmail.com,aMiVyFFiJX5m
oDyyL1De@gmail.com,yQkus8NZtKH7
cmdDZ9ph@hotmail.com,J4xVqGjeYAkU
4yXkcKaV@aol.com,dz6jYNex62oP
3BTPqWDO@gmail.com,WmzOk87sI1e1
Bg7A2pzg@hotmail.com,ujxGaaMt6ELQ
BYXGct3Y@aol.com,S4y7gBOU1lCE
lEsHQLfu@aol.com,NNePskxGpDFx
fFEb9SPx@outlook.com,Md1BHUMf4oVv
MTuPSesc@outlook.com,uObwYDsJRw51
Q1JjAthH@yahoo.com,weNBppC0WIRf
NfZQKi4k@hotmail.com,JZmQb6O9Izqv
uWfpzCMk@gmail.com,nYPvKlMctNEF
sz6gX6gv@yahoo.com,9A35WgwgRdcw
AD3RtJu0@outlook.com,VngYlk1AI6xr
gmtu58G0@yahoo.com,QEbUdAnpyhPk
ec7cNogo@gmail.com,vNf8yPq7ynLY
NmjnFYhS@outlook.com,g7Sc1bH2o6Hy
CVIdIjWb@yahoo.com,6KyF4orqMvGA
1Fw2q5em@yahoo.com,GR52Mcf8TxlR
OUJHsUdy@yahoo.com,UyUYD6wmCSL8
hGOI52WH@outlook.com,OtwoGKYbSUZ4
NZhvxxc1@yahoo.com,iCpkWDToAcTt
myzT2lSy@yahoo.com,Aeep9beJeLtP
65Ks6Kmv@yahoo.com,TD8W6klNKNz7
T5RbyJP5@outlook.com,IxSPOmL9dhnl
ks5kjG9C@gmail.com,0dQD3YLiyE1T
zc21Qiid@hotmail.com,V2RcwNnjjURl
otFOyfFV@gmail.com,SiXRMfgyYEPy
YIkF9N4x@gmail.com,YsIMfRMWM9bQ
5RVyuuR0@gmail.com,OW0whqcaCnBo
EZ4pcFRB@yahoo.com,AxGMhHv3zzJp
P43RVf4v@aol.com,DjwxNM4uEfl3
gdFKh7ER@hotmail.com,d9iVyGuAA4AA
7Tmpjcdc@outlook.com,ky3je1Cg6RKh
CZJK28Se@outlook.com,12rPCw8kvjTf
3DOEHZPF@hotmail.com,0Zpr1UHgheuG
anqE3nDQ@hotmail.com,V5vtvN1Aaxc0
UlgpFHLY@yahoo.com,41UoMcY5LfGR
eR04oye2@hotmail.com,NJMxUhoBf59f
GuJO2whB@gmail.com,Wmdls3TGx0va
efxxY1Nt@aol.com,g1Q51iVm9gKc
rlkgK9s0@yahoo.com,7seuczsTw0RO
75UwIKGr@aol.com,CHfQjzJz4K4m
VuG4UwrT@yahoo.com,IwJV2qnCauEj
JMxGrvlp@yahoo.com,S6p6YsuH8may
Ek7LjcvU@hotmail.com,25xYwT41bUr7
HXA8KZl6@hotmail.com,C5d4pdBIXm3F
1hqtGiWG@gmail.com,uNFCqpZEfd5L
Y6Z5h5nE@gmail.com,vFCHjYVlnzvA
1JV1Kpjb@aol.com,kbqaOgMED7ch
KpAUIBWU@aol.com,IoqvsQdyNLHi
9TZ2Cfy5@outlook.com,ucz7nzg9x0mt
Y49i1F3B@hotmail.com,8MkEdpvPP4Dj
kj09ZMbo@outlook.com,vM0VbWTnANIe
TSj4w27H@gmail.com,l21JyMEiBHOv
OJ3dh69u@gmail.com,VEQb4TbZVOpj
3dsspFIB@outlook.com,PHanCHTbtHNz
W8w0Dx70@outlook.com,Rs0B5QHshpvY
PH59618p@aol.com,CsI0x7EItxzW
2hOuOJQW@yahoo.com,HOPZFqBQM7qM
RjYc6DAB@yahoo.com,TORSIicAo5xC
koSlFx1R@outlook.com,LrSZXpHTGVql
ruGe6qmM@hotmail.com,B3zDzaO3bXF7
nZ4bV1qq@hotmail.com,bT6o9XKpWGwo
4fSBf9se@aol.com,W0381UIfEMkr
TFRGhi4X@gmail.com,chuYmegApKf8
J8By043k@outlook.com,ompeL9sHRpV8
Yumc8dnN@aol.com,KTF386Pb9LIH
4ItH1Blo@yahoo.com,EQlB8Xtvgxz2
QxjLvbhA@aol.com,vtZ0loxBRZpE
n0XtNJKY@aol.com,bFJs8iycnlFd
DyEEwvtl@gmail.com,drdN9MF2LAef
B0If9LDq@yahoo.com,NzxJwTXXhr2H
ngqCiEzo@aol.com,0yAJZqtfhUIp
wnu0uzUb@aol.com,UyAwXw68lFJl
Efh0vRaG@gmail.com,eFfPXmgStcTj
XLurGw6E@yahoo.com,diEod51J2tEW
SvqXv8sF@hotmail.com,07gryxJS4GZF
7LkotArA@outlook.com,Y6MQoazfhNYM
0jvkbBPI@hotmail.com,XSDQbZrwOnao
xPyUsniJ@aol.com,d1mPRbU5OqOw
kiZLAxmy@outlook.com,saK8fKLyIoey
DfMYBSfv@outlook.com,1hru5eAQpXxO
sQ00sPGP@gmail.com,pRXuQ65hsjDs
pyrCmm7n@gmail.com,fZRbyWKCzAJJ
Xlib8AfQ@outlook.com,Llv91fhLj7HJ
UGPItGRE@aol.com,SGqG7PEBNBNw
f6AZQAyZ@hotmail.com,Nx4i2PlLPSSd
42vFdIM9@gmail.com,g83mi5FyNDLI
EqisUjTo@hotmail.com,tlHVfSMyZJYe
hkC3wqWO@yahoo.com,Kr4qT5TUSbNc
3I5Rtrtf@outlook.com,BTKdOqW4npd8
G4ssEzxV@outlook.com,Av6bDjRwCnMi
NuvTCwQP@yahoo.com,6bXl9Feu3jIH
FjxJ4GHL@aol.com,tDKgDfFkt9LM
IC6ieCCD@outlook.com,GXmCs6jVLVz2
whZdkfOQ@yahoo.com,pPUfilbBmRHD
CAUZ4a2n@yahoo.com,1LnvYp3fAwId
Gwai0zF1@outlook.com,3UhvVP7kImtL
RBFRrHFP@gmail.com,0mCt2BqCs67N
X3UeNUpO@hotmail.com,CJF2F2gyEqdR
ha8J9BvZ@yahoo.com,LPFGAMk85Om3
B0994Kp2@aol.com,3SsDDOQQcFsC
WO9SbLmA@gmail.com,ivMvrFd9JzQS
l1p4sF38@aol.com,r3CTWHWFt4af
UPRkbh6H@yahoo.com,N9agrnFPe86a
UK9vPpWq@outlook.com,Cth3jnht55Sb
8PJPD8iN@hotmail.com,6pjnoBZ5EGal
UjoF6M2A@gmail.com,d1T5BhV7gyts
gsUTFTBc@outlook.com,qIZ5Mx7leeg3
KirCUkA4@outlook.com,LxCMUNkwZppn
Ksn1HAph@yahoo.com,LooCVY6yXKzP
Dz3s79D1@yahoo.com,2YFHIQIs9ska
vaJpsIkB@gmail.com,YoBHnulCG0A0
haXfXYMj@gmail.com,zuNua4SiqDPs
tlu2Gzd0@outlook.com,6quFqcTw0Iax
u8qpgjwV@aol.com,I8FDJLatN4t7
oQIwPiur@aol.com,SFunk0ZL3Xqv
J2EFah5R@hotmail.com,MJfEn2QgwGBh
gpktkXIk@yahoo.com,Q0gEVkDK4ro4
PbKLR6OA@yahoo.com,nLbhuZSdkO5b
WYxsgOCE@outlook.com,fWlMiMnE1SOk
Cb4cEUch@aol.com,XEPGUqErvRny
QFvQjIU6@outlook.com,HJef05aolo8I
8L0QbZxa@yahoo.com,noT4ieWkFULx
2Hzk9JXI@outlook.com,6RBGGEoJ7BjK
oADTmUIN@aol.com,VvGqFxvSUUR3
RBDu94c7@gmail.com,TnqjNN4iHxaF
2YCHMDzb@aol.com,jyuXKCp3Vyxb
6F7aX0Le@gmail.com,dNkFAiPUOEus
FkGyaOJn@aol.com,MiYTNTt6Odk6
h5ZKW9tJ@outlook.com,9LotYGCiZAqY
sy8SIt2m@aol.com,kiAxhPWO6iNt
DAslnJnX@aol.com,x0LzL1bDZwRp
jOkriUb4@gmail.com,jotlaIH8gvjN
CqAOd2WD@gmail.com,9RCaqZm6F7OI
nEWXwnXN@hotmail.com,YiMZbrRpEZbE
ILPmp43H@hotmail.com,1u3zmCuM7GUD
G4nnruVo@yahoo.com,wrhUSQp0tKBZ
N4ggXne3@outlook.com,pqu831r0p5Kw
SWZIa6AU@yahoo.com,44CgK3YBOL2g
vts0fBbL@outlook.com,djmfpOTVB6yH
QJzK3TGd@hotmail.com,FVF50xYbbKZj
CC6oRFme@hotmail.com,4OsmCAT1bBY9
i93ePKs4@hotmail.com,mFud2U62bq8t
Qism8H52@gmail.com,w8flIg8RI2LD
umnUP340@hotmail.com,9dMwLGzHASGp
t3aLRNPS@hotmail.com,LBxR3oiMTOFU
dBVcBivR@yahoo.com,Nq1VgGzOieLL
hkIj4fjK@aol.com,N6R9pKAQ8EyL
o7ly6YTJ@gmail.com,VvsK3XCksaAo
LLg4iGVv@hotmail.com,HCsx92hPM2rC
i2lx1X1q@hotmail.com,iGY1ALJGGgp0
bYd193x9@yahoo.com,yb7hBqoQmo8I
3YuYDbt4@hotmail.com,st5dD5eJktPq
wcAqn7Sw@outlook.com,E33R7l7nGAmh
95toSDeq@yahoo.com,a3192SAtFeYN
0h5FS7Dc@gmail.com,TTLuMTU9Dkua
6fGXNcLW@hotmail.com,1e8Kf7fyXd2F
8H1eefFN@yahoo.com,sYzjueZFAIdj
dwvdeTA5@aol.com,2KAYg3uyHBMO
1XbozeAe@aol.com,I30jwSwVMQUJ
Hj9ywIIb@outlook.com,AtBjenxpDklR
ncY3xISM@yahoo.com,C6JTgLDHot3s
V1HuljvY@gmail.com,g5F4jd7ahVWi
4zJQh0qt@hotmail.com,hyQAcgBNuUsL
7E8bt0NS@gmail.com,n7pn5zwm9CEg
y30LNzyZ@outlook.com,90MO95dvpVLe
x5Ls7bJk@hotmail.com,MeTBJHZCWWaj
cyxkPZl0@outlook.com,u4NS9ZhKlWPA
lYzaYDST@hotmail.com,Mdl341WgYR6J
uWCXjDyW@yahoo.com,sQ7uj5CcG20m
LZntH0U3@aol.com,KhMHQqJ4Hhw0
p9LFvrWn@hotmail.com,Heu1p5QK0VoP
lxiDQRTh@hotmail.com,s6NoshMmAeFI
ZDbNBZYE@yahoo.com,ilcrj1lxmMbS
6Moc8OIn@aol.com,bGtoE6FfZqMM
Q8EV14HH@gmail.com,XFS2HVXMnWcn
65kqXtIT@outlook.com,md3tpLFY2JLg
QzxRcuQI@hotmail.com,8Dimc1Te7RxR
vwiGxGsp@outlook.com,nIs2fH43jl4G
KrmARdB9@outlook.com,fQ3qVkK8YVb6
6sqCrxGU@outlook.com,lmDoLHMdbD3h
F5Gvwv64@gmail.com,7jsYrnAeLDKM
TYILnBAg@aol.com,wbLRybr6nJla
mGBW02UO@hotmail.com,hFVp51qbtiL4
xBMbZbCV@hotmail.com,RFOhIzobr5Xb
aCBFS9Lr@outlook.com,7XzLCpcU0T3W
lhQd4ahc@outlook.com,djIq3wI5VLpP
PZOJw8yY@aol.com,Xzn6xKzJjjjj
gsQ3qJt2@yahoo.com,9tjLhwFaE32k
Fye9xB4L@aol.com,URVhiZtMnDix
QUTwE7Kj@outlook.com,CnwJsMnqBM9L
ggKJPkwA@outlook.com,OG4Ed6lyDPWk
cskmR5BF@aol.com,Aimb7hfOylAH
ykaOVFlT@yahoo.com,bqqdHV1NwOPn
Fqn0a4B4@aol.com,wZBVAVmE5aVK
W67Uh6oL@outlook.com,4Bok4wcMsCTv
uSdmdLD5@yahoo.com,BHf0WzrPHQsM
Tn9tQyoP@outlook.com,8QcEFzF1l7OG
Nog1JL3A@outlook.com,ovuZUPt2Ex36
8RBOAwqh@hotmail.com,dzq9H3gQ5iGH
QExQ8ZQu@yahoo.com,lAhzpkDoHLdU
mhzrYuKI@hotmail.com,TpFzp2cFNkK7
DypA0xDC@aol.com,WHpV1j7ddRdD
rTPvjJQN@aol.com,UnnnKMTE3Hde
RfOY28jo@outlook.com,Sc0kjz3EPBJZ
gaANdvOP@outlook.com,Mg9chFhbeg5I
G9vPPJKr@aol.com,4iNfZyLD0rxk
564nPCoe@yahoo.com,2nihwMDHCxal
tZpD5Ov3@aol.com,JNsvwaIqMiLk
D2AIEvDe@aol.com,23UZxIinLwDI
Fb5g62hU@gmail.com,bCCzKZna3qG3
T6b8wNrK@yahoo.com,Rkpdk0a0BSn3
MabmLLga@outlook.com,KiT4z82pU5iU
mKZMNqcr@hotmail.com,FrAiUpovHyni
TUT2346b@outlook.com,f7yrG1FdTsSo
y3s8PwES@aol.com,LPOerYlWhjaX
lmkPGMcD@gmail.com,yCGCSe3Wsed3
oblAl4Rq@hotmail.com,zZ3JE62JCv4T
XRndVWQH@hotmail.com,2np5ETKHJ1lZ
DL5qJ34Q@gmail.com,RbzqOSblcrxA
q6aKkca4@yahoo.com,pJRX0eIuofbZ
SpeXU13j@outlook.com,kC5DlVqNdWjq
4JbPi9Og@yahoo.com,z8hyYjmElqnf
HdSgsKqB@yahoo.com,hj4V1iJh8dD9
MfmuQaUj@outlook.com,Xfud1XXvkkQD
6RK5d84c@gmail.com,heFtHLWBKDNA
4ny2Ycp2@aol.com,2I3RS4ZKUiHP
1xHCzbBz@aol.com,xvTwFRFMZjnD
Q5OMg3kb@aol.com,sCVZylUihPkw
LwECKoam@outlook.com,zrrAC7NWXcGm
4ytRXLFg@outlook.com,EZn0G2xgWnyl
3ta018Ua@aol.com,67p9mPqHFpMR
CfekIyJW@outlook.com,LW5tg2SZrIWA
J4seTHMY@yahoo.com,USLtuji7rg61
nMF1K2R9@hotmail.com,eTrUqEVDMmeX
Misk8Nf8@outlook.com,130n61U4C6J3
HvV9spn6@aol.com,IXJMzKel1FSZ
kXwW8LX3@hotmail.com,AFuabsUmbpCk
ykieVHbl@gmail.com,zf67AvNechEp
9OMhXq9d@aol.com,UoHjGd9HW18y
nfjpJaI4@aol.com,pzrpvLTg6BzS
MqOjtQv2@aol.com,BQ1uCkZt4r2z
rLUKB2n1@outlook.com,AktcdAM41PoQ
geYnB6yD@yahoo.com,AHaBkxkhWR2N
7VR9YptJ@hotmail.com,f2mf4w78bWWF
RtZYl7F6@aol.com,ND9mtwmEwcpB
Vz2fWSSE@outlook.com,S8vGnWCjjToj
NybZzDed@yahoo.com,sMtIZ5swW4gx
OcKNvxPi@outlook.com,BQrtYLQycsuQ
Yep7IqFh@aol.com,oefi4aIXWYFE
yw7N6TOz@gmail.com,sJAWAFIa8kjv
qLqEGYj1@gmail.com,HD88L1EbyhdS
hanRCFTg@hotmail.com,5JiDDLz8VB7j
6OEqGz97@gmail.com,QuhtHi841gmb
NTEqDMo7@hotmail.com,CG7Oieqf7c2Q
jzQFq0CO@yahoo.com,tVaZ4GhjevpP
BwyVBQM2@hotmail.com,UoABLg8BXfzz
dfVmMWKx@yahoo.com,j8Ay6cfB04uM
Gkqgt36g@aol.com,BAc4Z8keC4yM
rBbBtnYl@yahoo.com,aiJhGpx1cPfr
4Kfley1K@hotmail.com,frZtvZcjjRRt
5yqZo983@hotmail.com,FBAj8mEjoGi6
0Kta3FuH@gmail.com,iNkwNoj5wGqG
bzEY1glf@outlook.com,1IRynaq1YsI7
VnJamgCQ@aol.com,NJSMq6ZnOD9D
uRxS6NQb@gmail.com,uGi1TxYA4RZR
yThd7hS8@yahoo.com,5DcMEkVg8sEQ
koOGy6cO@aol.com,qIF6Pvmm9VdM
GufKvX9W@outlook.com,AFgQeaJq6sOB
KTBSsha6@hotmail.com,kXCkeIWB1Nvu
LgyqePMp@gmail.com,Ogl4FuWlwcnx
ccusJmNX@aol.com,41yqsvUiiBFn
ymRTOLab@hotmail.com,B7MmZWxAEA8U
aqUxVlOy@gmail.com,cBMQR0aQfXjc
JLEZjyTa@hotmail.com,NhfEDLNkpQpc
rLeOQ3oq@hotmail.com,4h4IvrsMgVoQ
IR37F8af@hotmail.com,H40qd2DDiu0L
ZcN8Ix9B@yahoo.com,OdjB3Vic8sCb
RUaKJZ79@outlook.com,MnVtlz8uPhqS
YeLQ0xET@gmail.com,sCq5ueULqR83
VR3vQMgk@gmail.com,frgE1ny0NyiV
pnbfdFUQ@hotmail.com,zHmUe4izbov5
4BmO4FFB@outlook.com,x6MPWmcy1a2X
xgk5WodC@yahoo.com,HDg77bkDMZYm
itkSe2u1@hotmail.com,LmMj6ycCA3YH
ZxBOXupC@yahoo.com,SKKtNBuPX8Tl
glQ4lpdp@yahoo.com,tf1IvHLfZQGt
Tgg8Yfnu@outlook.com,rGyrolyYuM4y
5HOQtbtj@yahoo.com,uBFGPReceonj
bRyF6j2b@outlook.com,pKTsEz2ofBCW
DijjtxD3@hotmail.com,HAYiWb2gSEP5
wFcLqkNk@gmail.com,0H6Zo38eH3JI
RDeLzock@yahoo.com,psZtB3EbHl5H
myMlUI3o@outlook.com,S6pWcp1poeTl
4zcRwq2W@yahoo.com,L3JWPrvHIYVo
DEIDXAAq@yahoo.com,oP7nRCqMykTy
VviReflV@gmail.com,c80upsTL3LsQ
MyhTMKsY@yahoo.com,tQglInSyQCgL
pKy9fBVo@aol.com,VYr8xdNfpT78
i7popqKn@hotmail.com,ighUbJDwJ2Vz
NfL6HwJ5@aol.com,hRvfSNcOb5Oe
FrFKNcpu@aol.com,w8WimNowDsq6
737p0JDX@gmail.com,dJFx6iXSAXGw
1mg6RcaB@outlook.com,KrPswER5uf3S
xkJRRwIw@outlook.com,vkxNEXiWYG9t
M5VYgQWc@aol.com,uxI6vPZnup9z
GpDFowBE@yahoo.com,AuGNkdUjUQ6T
Q9GYGl5k@outlook.com,tMRE7VmEvNZt
fqDiA5A1@yahoo.com,UtzaqzThRhVP
89Uzth5o@hotmail.com,vE0olbDl63sh
efZuU4Vm@outlook.com,m6O1PCFKWHx4
ASJ7ngzL@hotmail.com,lZVCw1bSEwb9
jVf9CGDt@aol.com,HEmYLuIng5yA
ZYLnTaNG@hotmail.com,USu0FZGYwQT0
Hdkqavgt@gmail.com,OcNTuoVOjzaK
E4PitwTR@aol.com,gvJtIYfysR4U
3MxBmwaY@outlook.com,Bs8DTdiQv5DO
1ShAt7H7@gmail.com,GEVgdfEblcPQ
ZAW3Vjos@outlook.com,rUwWOeaStg5E
e17AFdeB@gmail.com,hKrfDEHwDWPQ
oVn6clYS@aol.com,XXjx6rhbPadL
CPcsEnej@outlook.com,vbAOzCQoL7W8
PjItCNiV@hotmail.com,dH7RmAF74pdD
Gt88E2p0@aol.com,WtytugnZRCGj
KFHvbIOF@yahoo.com,9P3cKOzrvYlf
Fdy4GosU@outlook.com,lYPxn2hp1did
f7Y6hrFK@yahoo.com,fPY7S5GgQQL6
3sTVOeC6@outlook.com,VzJP6lYH1o9H
nscCMDjd@gmail.com,rRqPg6viJswA
9LtIlJqq@gmail.com,JdDXoCTZZpVW
aIDXDP7Q@aol.com,rqXTfvd3N451
oSgQBgH1@gmail.com,aGbSm2D9x3ek
EVBevIMw@outlook.com,doZZTv8X1kKL
50NPtVcC@gmail.com,wb76VWXUefDF
DmMhGphO@yahoo.com,zaAy2zWdWhbj
rEBk9Hqq@outlook.com,184PpVpqHNzM
7lGpLYLD@aol.com,2stnx74ArZ0n